"","Timestamp","Do.you.","What.is.your.reddit.username.","Are.you.","Do.you.live.the.the.US.","No.matter.how.accomplished.he.is..a.man.is.not.truly.complete.as.a.person.unless.he.has.the.love.of.a.woman..","Many.women.are.actually.seeking.special.favors..such.as.hiring.policies.that.favor.them.over.men..under.the.guise.of.asking.for..equality...","In.a.disaster..women.ought.not.necessarily.to.be.rescued.before.men..","Most.women.interpret.innocent.remarks.or.acts.as.being.sexist.","Women.are.too.easily.offended.","People.are.often.truly.happy.in.life.without.being.romantically.involved.with.a.member.of.the.other.sex.","Feminists.are.not.seeking.for.women.to.have.more.power.than.men.","Many.women.have.a.quality.of.purity.that.few.men.possess.","Women.should.be.cherished.and.protected.by.men.","Most.women.fail.to.appreciate.fully.all.that.men.do.for.them.","Women.seek.to.gain.power.by.getting.control.over.men.","Every.man.ought.to.have.a.woman.whom.he.adores.","Men.are.complete.without.women.","Women.exaggerate.problems.they.have.at.work.","Once.a.woman.gets.a.man.to.commit.to.her..she.usually.tries.to.put.him.on.a.tight.leash..","When.women.lose.to.men.in.a.fair.competition..they.typically.complain.about.being.discriminated.against..","A.good.woman.should.be.set.on.a.pedestal.by.her.man.","There.are.actually.very.few.women.who.get.a.kick.out.of.teasing.men.by.seeming.sexually.available.and.then.refusing.male.advances.","Women..compared.to.men..tend.to.have.a.superior.moral.sensibility..","Men.should.be.willing.to.sacrifice.their.own.well.being.in.order.to.provide.financially.for.the.women.in.their.lives.","Feminists.are.making.entirely.reasonable.demands.of.men.","Women..as.compared.to.men..tend.to.have.a.more.refined.sense.of.culture.and.good.taste.."
"1","4/17/2015 15:55:09","Play video games regularly","Alexisokay","Female",NA,0,1,5,1,1,5,5,0,0,0,0,1,4,1,1,1,0,4,3,1,4,1
"2","4/17/2015 15:55:30","Play video games regularly","","Female",NA,1,0,4,1,0,3,4,1,2,1,0,0,4,1,1,1,0,4,1,1,5,1
"3","4/17/2015 15:56:03","Play video games regularly","Curgan1337","Male",NA,0,3,2,1,2,5,2,0,0,1,3,3,5,1,0,1,1,3,0,0,3,0
"4","4/17/2015 15:57:29","Play video games regularly","FairbairnSykes","Male",NA,0,1,5,0,0,5,4,0,5,0,0,0,5,0,0,0,0,5,0,0,4,0
"5","4/17/2015 16:00:16","Play video games regularly","","Male",NA,2,3,3,3,4,2,1,3,3,4,3,4,2,4,4,4,1,2,1,0,0,2
"6","4/17/2015 16:09:12","Play video games regularly","","Female",NA,0,1,4,2,1,5,1,0,1,2,1,1,4,2,0,2,3,5,0,0,2,0
"7","4/17/2015 16:20:23","Play video games regularly","","Male",NA,3,0,0,0,0,1,4,3,4,1,0,3,0,0,0,0,0,4,3,4,5,3
"8","4/17/2015 16:20:33","Play video games regularly","Grombrindal18","Male",NA,0,2,3,2,4,1,4,4,4,3,4,1,2,3,3,1,0,2,4,3,4,4
"9","4/17/2015 16:34:28","Play video games regularly","huluhulu34","Male",NA,1,1,1,3,1,4,2,1,0,0,0,5,0,1,1,2,0,4,0,0,2,1
"10","4/17/2015 16:36:51","Play video games regularly","","Female",NA,0,4,4,3,4,5,1,0,2,4,4,0,5,4,4,4,0,1,0,0,0,0
"11","4/17/2015 16:40:04","Play video games regularly","","Male",NA,0,0,2,0,0,5,5,0,3,0,0,0,5,0,0,0,0,5,0,1,4,0
"12","4/17/2015 17:23:17","Play video games regularly","","Male",NA,0,0,1,0,0,2,5,0,5,0,0,2,5,0,1,0,0,3,0,1,2,0
"13","4/17/2015 17:36:33","Play video games regularly","","Other",NA,0,0,3,0,0,5,4,0,0,1,0,0,4,1,0,0,0,5,0,0,4,0
"14","4/17/2015 18:21:12","Play video games regularly","","Male",NA,0,1,3,4,2,2,3,1,3,1,2,1,4,1,2,2,1,4,1,1,2,1
"15","4/17/2015 18:24:01","Play video games regularly","downtide","Male",NA,2,2,2,3,4,3,1,2,2,3,4,2,4,3,3,3,2,2,2,3,1,2
"16","4/17/2015 18:37:35","Play video games regularly","CookieSupernova","Female",NA,4,3,5,4,4,2,1,2,0,4,2,3,2,3,0,4,0,3,3,0,2,0
"17","4/17/2015 18:37:47","Play video games regularly","crepeknight","Male",NA,0,0,4,0,0,2,5,0,0,0,0,0,2,0,1,0,0,4,0,0,5,0
"18","4/17/2015 18:42:40","Play video games regularly, Work in the video game industry","","Female",NA,0,0,3,3,2,5,4,1,2,2,3,0,5,1,2,3,0,5,3,0,2,4
"19","4/17/2015 18:45:54","Play video games regularly","thisisafluke","Female",NA,1,2,3,2,2,1,2,0,2,0,2,2,2,2,0,2,0,5,2,0,3,0
"20","4/17/2015 18:52:37","Play video games regularly","TheSkedaddle","Male",NA,0,0,2,1,1,5,5,2,3,1,0,0,2,0,2,0,0,5,4,1,4,2
"21","4/17/2015 18:53:58","Play video games regularly","Zxorac","Male",NA,3,2,5,3,3,2,2,0,1,4,3,4,2,5,3,4,4,2,2,2,1,1
"22","4/17/2015 18:59:13","Play video games regularly","bluej10013","Male",NA,0,4,3,3,3,4,1,1,2,1,3,2,3,2,1,1,1,5,0,3,1,3
"23","4/17/2015 19:09:44","Play video games regularly","drinkerofjuice","Male",NA,1,4,4,3,3,5,4,2,3,4,3,2,3,5,2,2,2,4,3,3,2,0
"24","4/17/2015 19:19:01","Play video games regularly, Work in the video game industry","","Male",NA,0,3,3,2,3,3,2,0,4,2,2,4,3,2,2,1,4,4,0,3,1,0
"25","4/17/2015 19:29:19","Play video games regularly","","Female",NA,1,0,2,3,1,5,5,1,1,1,0,0,4,1,0,0,0,5,0,0,1,0
"26","4/17/2015 19:31:12","Play video games regularly, Work in the video game industry","","Male",NA,1,0,3,1,0,4,4,1,2,3,0,0,3,1,0,1,0,4,3,1,5,3
"27","4/17/2015 19:34:52","Play video games regularly","","Female",NA,0,1,4,1,1,5,4,2,1,1,1,1,5,1,1,0,0,5,3,0,4,1
"28","4/17/2015 19:39:04","Play video games regularly","","Female",NA,1,0,4,1,1,3,5,1,3,2,1,0,4,0,1,2,0,4,2,4,3,1
"29","4/17/2015 19:52:08","Play video games regularly","","Male",NA,1,1,3,4,3,2,3,0,2,2,3,3,1,3,2,2,3,2,0,1,3,1
"30","4/17/2015 20:01:22","Play video games regularly","","Male",NA,0,1,2,2,2,4,0,0,1,4,1,5,3,4,2,3,0,3,3,3,2,0
"31","4/17/2015 20:01:24","Play video games regularly","","Male",NA,5,2,0,2,3,0,5,5,5,3,0,4,1,4,2,2,2,5,3,3,4,3
"32","4/17/2015 20:07:43","Play video games regularly, Work in the video game industry","","Male",NA,1,5,4,5,5,2,0,0,1,5,5,2,4,5,5,5,0,1,0,1,0,0
"33","4/17/2015 20:35:56","Play video games regularly","Mrs_Schwalls","Female",NA,0,1,4,3,1,5,3,0,3,1,1,1,5,1,0,1,2,5,1,1,1,1
"34","4/17/2015 20:37:43","Play video games regularly","JackthaStripper","Male",NA,1,2,2,1,1,2,3,1,2,1,2,2,1,1,1,1,0,4,1,4,3,1
"35","4/17/2015 20:53:37","Play video games regularly","","Male",NA,0,0,1,0,0,5,0,0,0,0,0,0,5,0,0,0,0,5,0,1,2,0
"36","4/17/2015 20:57:08","Play video games regularly","","Male",NA,0,1,1,1,1,3,3,0,1,3,1,0,3,3,1,3,0,4,3,0,3,3
"37","4/17/2015 21:35:13","Play video games regularly","","Female",NA,0,0,2,3,0,4,5,0,0,0,0,3,3,0,0,0,0,5,2,1,5,1
"38","4/17/2015 21:42:16","Play video games regularly","","Male",NA,0,0,5,1,0,3,3,0,0,0,0,1,4,1,2,0,0,4,0,0,3,0
"39","4/17/2015 21:52:11","Play video games regularly","","Other",NA,0,0,4,1,0,5,4,1,1,0,0,0,5,1,0,1,1,4,1,1,5,2
"40","4/17/2015 22:02:19","Play video games regularly","Tippy_Squash_N_Poof","Male",NA,3,3,4,4,2,4,1,1,1,4,3,3,3,4,2,4,0,1,1,0,1,2
"41","4/17/2015 22:03:26","Play video games regularly","bob","Male",NA,0,0,1,1,1,2,5,0,4,0,0,5,2,1,1,0,1,1,0,2,4,0
"42","4/17/2015 22:43:45","Play video games regularly, Work in the video game industry","pyxlated","Other",NA,0,0,3,0,0,4,5,0,1,0,0,0,5,0,0,0,0,5,0,0,5,0
"43","4/17/2015 22:53:58","Play video games regularly","","Male",NA,0,1,3,2,2,5,4,2,2,1,1,0,5,2,1,2,1,4,2,1,3,2
"44","4/17/2015 22:57:51","Play video games regularly","telemaphone","Male",NA,1,0,3,0,0,2,2,2,3,2,0,4,2,0,0,0,2,4,2,3,3,2
"45","4/17/2015 23:14:03","Play video games regularly","comradechrome","Male",NA,0,0,4,0,1,5,4,0,5,0,4,3,3,2,2,0,0,3,0,3,4,0
"46","4/17/2015 23:45:28","Play video games regularly","LittleMissTimeLord","Female",NA,1,0,1,0,0,3,5,0,0,1,0,0,5,0,0,0,0,5,0,0,4,0
"47","4/18/2015 0:36:33","Play video games regularly","","Male",NA,0,2,5,1,3,5,0,0,1,2,3,1,4,2,2,1,0,4,0,2,0,1
"48","4/18/2015 0:43:06","Play video games regularly","PM_ME_YOU_BOOBS","Male",NA,0,2,5,3,3,5,1,0,1,2,2,0,4,2,2,2,0,3,0,2,1,0
"49","4/18/2015 0:44:54","Play video games regularly","Gotwich","Male",NA,3,3,0,1,1,2,4,2,4,2,3,4,2,3,3,0,2,4,0,1,1,0
"50","4/18/2015 1:25:59","Play video games regularly","","Female",NA,0,0,4,0,0,5,5,0,0,0,0,0,5,0,0,0,0,5,1,0,5,0
"51","4/18/2015 2:03:55","Play video games regularly","","Female",NA,0,0,5,0,0,5,5,0,0,0,0,0,5,0,0,0,0,5,0,0,5,0
"52","4/18/2015 2:29:57","Play video games regularly","","Male",NA,0,4,3,4,5,5,0,0,2,2,2,0,3,4,1,3,0,4,0,0,2,0
"53","4/18/2015 2:44:42","Play video games regularly","Justiceyo","Male",NA,0,2,4,2,1,5,5,1,2,2,2,0,3,2,0,1,1,2,0,1,5,0
"54","4/18/2015 2:48:14","Play video games regularly","","Female",NA,0,0,1,0,0,5,5,0,0,1,0,0,5,0,0,0,0,5,0,0,5,0
"55","4/18/2015 2:57:06","Play video games regularly","","Female",NA,0,0,5,0,0,4,5,0,3,0,0,0,5,0,0,0,0,5,0,0,5,0
"56","4/18/2015 3:10:58","Play video games regularly, Work in the video game industry","Becxor","Female",NA,0,3,0,5,5,2,1,0,2,2,3,3,2,1,0,3,0,4,3,0,2,0
"57","4/18/2015 5:03:16","Play video games regularly","Mixmutch","Male",NA,0,2,5,2,1,4,4,3,0,4,0,0,5,0,0,1,0,5,0,0,2,0
"59","4/18/2015 5:26:44","Play video games regularly","Blame33","Male",NA,1,2,3,3,2,2,0,0,2,2,1,2,0,2,3,4,3,3,0,2,0,0
"60","4/18/2015 5:47:45","Play video games regularly","","Male",NA,0,2,3,2,2,4,3,1,1,2,1,1,4,3,2,3,0,3,0,0,3,0
"61","4/18/2015 5:55:23","Play video games regularly","","Male",NA,1,0,1,3,3,3,1,2,1,2,3,3,3,3,2,3,2,3,3,0,1,2
"62","4/18/2015 6:41:12","Play video games regularly, Work in the video game industry","","Female",NA,0,1,4,2,2,5,4,0,1,1,0,0,5,2,2,1,1,4,0,0,3,0
"63","4/18/2015 7:58:08","Play video games regularly","","Female",NA,5,0,3,0,0,5,5,0,0,0,0,0,5,0,0,0,0,5,0,0,3,0
"64","4/18/2015 8:44:11","Play video games regularly","","Male",NA,0,3,5,2,1,4,2,1,1,3,1,0,2,3,1,2,0,2,2,1,1,1
"65","4/18/2015 9:15:53","Play video games regularly","","Male",NA,0,1,1,2,1,4,4,1,2,1,1,1,4,1,1,1,1,4,1,1,4,1
"66","4/18/2015 9:51:34","Play video games regularly","","Male",NA,1,1,5,0,0,5,2,0,0,0,1,0,4,0,0,0,0,5,0,0,3,1
"67","4/18/2015 10:31:15","Play video games regularly","","Male",NA,0,1,5,1,0,4,5,0,1,0,0,0,3,0,2,0,2,2,2,1,3,0
"68","4/18/2015 11:05:21","Play video games regularly","","Male",NA,0,0,4,1,0,4,3,0,0,0,0,0,5,1,0,0,0,4,0,1,2,1
"69","4/18/2015 12:15:23","Play video games regularly","agent00111","Male",NA,0,4,5,5,5,4,3,5,2,2,4,0,5,5,2,3,3,5,5,0,2,5
"70","4/18/2015 12:31:04","Play video games regularly","","Female",NA,0,1,5,0,0,2,0,0,0,0,0,0,3,0,0,0,0,3,0,0,0,0
"71","4/18/2015 13:07:37","Play video games regularly","rhinestonetaco","Male",NA,0,0,2,0,0,3,5,1,0,0,0,1,5,0,0,0,0,4,2,1,5,2
"72","4/18/2015 13:51:18","Play video games regularly","thunderdragon94","Male",NA,0,1,5,1,0,4,4,0,0,1,1,0,5,1,0,1,0,5,0,0,3,0
"73","4/18/2015 14:55:37","Play video games regularly","","Male",NA,0,0,5,0,0,4,5,0,3,0,0,0,4,0,0,0,3,5,0,3,5,0
"74","4/18/2015 16:18:19","Play video games regularly","","Male",NA,2,3,2,0,1,4,2,0,3,2,3,3,2,3,2,1,1,3,0,0,2,1
